{
    "cs.CV": 29.84534,
    "cs.LG": 58.36981,
    "stat.ML": 73.65704,
    "cs.AI": 81.45277,
    "eess.IV": 83.8904,
    "cs.RO": 85.75102,
    "cs.CL": 87.34078,
    "cs.NE": 88.61259,
    "cs.CR": 89.31621,
    "cs.SI": 89.98155,
    "math.OC": 90.63512,
    "eess.SP": 91.24453,
    "cs.GR": 91.81665,
    "cs.MM": 92.32989,
    "cs.SY": 92.7656,
    "cs.IR": 93.19935,
    "cs.MA": 93.56735,
    "cs.HC": 93.91965,
    "eess.SY": 94.25821,
    "stat.AP": 94.54672,
    "cs.IT": 94.81659,
    "math.IT": 95.08646,
    "cs.DC": 95.34258,
    "cs.CY": 95.59086,
    "q-bio.QM": 95.82344,
    "stat.ME": 96.03344,
    "math.ST": 96.23756,
    "stat.TH": 96.44168,
    "eess.AS": 96.64187,
    "cs.SD": 96.83029,
    "cs.DS": 96.99908,
    "math.NA": 97.16394,
    "q-bio.NC": 97.32881,
    "cs.NA": 97.48189,
    "cs.CG": 97.62419,
    "physics.chem-ph": 97.74097,
    "cs.SE": 97.85676,
    "cs.GT": 97.96962,
    "cs.NI": 98.08247,
    "stat.CO": 98.18846,
    "physics.comp-ph": 98.2915,
    "cs.DB": 98.3857,
    "physics.data-an": 98.47795,
    "q-bio.BM": 98.56136,
    "math.PR": 98.63594,
    "math.DS": 98.70758,
    "cs.CE": 98.77333,
    "cs.LO": 98.83417,
    "cond-mat.dis-nn": 98.89404,
    "cs.AR": 98.94997,
    "cond-mat.stat-mech": 99.00296,
    "cs.PL": 99.05596,
    "q-fin.ST": 99.106,
    "cs.DM": 99.15409,
    "quant-ph": 99.20021,
    "cs.PF": 99.24535,
    "econ.EM": 99.28264,
    "physics.soc-ph": 99.31895,
    "q-bio.GN": 99.35526,
    "math.AT": 99.39059,
    "physics.med-ph": 99.42592,
    "physics.geo-ph": 99.4583,
    "physics.ao-ph": 99.48971,
    "astro-ph.IM": 99.52013,
    "cond-mat.mtrl-sci": 99.55055,
    "cs.CC": 99.57999,
    "q-fin.CP": 99.60845,
    "physics.optics": 99.63592,
    "q-fin.TR": 99.6634,
    "q-bio.TO": 99.6899,
    "nlin.CD": 99.71443,
    "physics.app-ph": 99.73798,
    "q-bio.MN": 99.76154,
    "math.FA": 99.78312,
    "physics.flu-dyn": 99.80373,
    "cs.FL": 99.82336,
    "cs.SC": 99.84299,
    "hep-ex": 99.86261,
    "math.AP": 99.88126,
    "q-fin.PM": 99.89892,
    "cs.ET": 99.91561,
    "math.CO": 99.92934,
    "math.SP": 99.9421,
    "physics.bio-ph": 99.95486,
    "cs.DL": 99.96663,
    "q-fin.EC": 99.97841,
    "econ.GN": 99.98921,
    "math.DG": 100.0
}